{
  "prompt_v1_scores": {
    "faithfulness": 0.85,
    "answer_relevancy": 0.6319617849706886,
    "context_recall": 0.4468864468864469,
    "context_precision": 0.69999999993
  },
  "prompt_v2_scores": {
    "faithfulness": 0.6316666666666667,
    "answer_relevancy": 0.803976932616979,
    "context_recall": 0.35597735597735597,
    "context_precision": 0.69999999993
  },
  "target_met": true
}